machNr,AOA,CL,CD,CM,E,Iterations,Time(min)
0.714761952966,-2.0,-2.03065392e-001,6.46700227e-003,-1.32060528e-002,-3.14002352e+001,4999,25.5425046735
0.714761952966,-1.0,-2.51929805e-002,5.53914002e-003,2.75455566e-002,-4.54817542e+000,4999,24.9716895756
0.714761952966,0.0,1.37664876e-001,6.70235194e-003,6.40041608e-002,2.05397862e+001,4999,27.2054388284
0.714761952966,1.0,2.98029080e-001,1.11548897e-002,1.02483573e-001,2.67173490e+001,4999,25.0565241613
0.714761952966,2.0,4.23441965e-001,1.99450939e-002,1.31725733e-001,2.12303821e+001,4999,25.3596321094
0.714761952966,3.0,4.92143698e-001,3.03285586e-002,1.40147979e-001,1.62270718e+001,4999,25.3094007649
0.714761952966,4.0,4.99686415e-001,4.00083834e-002,1.28646237e-001,1.24895428e+001,4999,25.6760354431
0.714761952966,5.0,4.01258860e-001,4.24764857e-002,6.97237575e-002,9.44661154e+000,4999,28.4160869782
