machNr,AOA,CL,CD,CM,E,Iterations,Time(min)
0.7147619529656574,-2.0,2.89100520e-002,7.21742204e-003,8.83867995e-002,4.00559256e+000,4999,5.1683368303
0.7147619529656574,-1.0,1.59347864e-001,1.08381371e-002,1.14440773e-001,1.47025142e+001,4999,5.1318832220
0.7147619529656574,0.0,2.36664995e-001,1.63293730e-002,1.22391907e-001,1.44932077e+001,4999,5.1495918216
0.7147619529656574,1.0,3.13865257e-001,2.34264018e-002,1.31880426e-001,1.33979285e+001,4999,5.1355787981
0.7147619529656574,2.0,3.58845857e-001,3.11220782e-002,1.32285081e-001,1.15302665e+001,4999,5.1440918466
0.7147619529656574,3.0,3.13055672e-001,3.29897990e-002,8.90831803e-002,9.48946893e+000,4999,5.1511954593
0.7147619529656574,4.0,2.80310570e-001,3.71993580e-002,6.02106526e-002,7.53536042e+000,4999,5.1461365046
0.7147619529656574,5.0,2.36870085e-001,4.16639063e-002,3.06496644e-002,5.68525868e+000,4999,5.1454345117
0.7147619529656574,6.0,2.09665117e-001,4.67497169e-002,1.37165867e-002,4.48484249e+000,4999,5.1368364712
